KEY|VALUE
APPINSIGHTS_INSTRUMENTATIONKEY|
FUNCTIONS_EXTENSION_VERSION|~2
AzureWebJobsDashboard|
AzureWebJobsStorage|
DocDbApiKey|
DocDbEndpointUri|
DocDbRideShareDatabaseName|RideShare
DocDbRideShareMainCollectionName|Main
DocDbThroughput|400
DriversAcknowledgeMaxWaitPeriodInSeconds|120
DriversLocationRadiusInMiles|15
TripMonitorIntervalInSeconds|10
TripMonitorMaxIterations|20
InsightsInstrumentationKey|
IsPersistDirectly|true
TripManagersQueue|trip-managers
TripMonitorsQueue|trip-monitors
TripDemosQueue|trip-demos
TripDriversQueue|trip-drivers
TripExternalizationsEventGridTopicUrl|
TripExternalizationsEventGridTopicApiKey|
