{
  "$schema": "./node_modules/@angular/cli/lib/config/schema.json",
  "project": {
    "name": "AngularServerSideRendering"
  },
  "apps": [
    {
      "root": "src",
      "index": "index.html",
      "main": "main.ts",
      "polyfills": "polyfills.ts",
      "tsconfig": "tsconfig.app.json",
      "prefix": "app",
      "styles": [
        "styles.css"
      ],
      "scripts": [],
      "environmentSource": "environments/environment.ts",
      "environments": {
        "dev": "environments/environment.ts",
        "prod": "environments/environment.prod.ts"
      }
    },
    {
      "name": "ssr",
      "root": "src",
      "outDir": "dist-server",
      "assets": [
        "assets"
      ],
      "main": "main.server.ts",
      "tsconfig": "tsconfig.server.json",
      "prefix": "app",
      "scripts": [],
      "environmentSource": "environments/environment.ts",
      "environments": {
        "dev": "environments/environment.ts",
        "prod": "environments/environment.prod.ts"
      },
      "platform": "server"
    }
  ],
  "defaults": {
    "styleExt": "css",
    "component": {},
    "build": {
      "progress": true
    }
  }
}
