﻿<?xml version="1.0" encoding="utf-8"?>
<key id="35c4d99b-fcba-4e46-8067-e2178ccb2688" version="1">
  <creationDate>2018-03-17T18:54:47.1003859Z</creationDate>
  <activationDate>2018-03-17T18:54:47.0941647Z</activationDate>
  <expirationDate>2018-06-15T18:54:47.0941647Z</expirationDate>
  <descriptor deserializerType="Microsoft.AspNetCore.DataProtection.AuthenticatedEncryption.ConfigurationModel.AuthenticatedEncryptorDescriptorDeserializer, Microsoft.AspNetCore.DataProtection, Version=2.0.0.0, Culture=neutral, PublicKeyToken=adb9793829ddae60">
    <descriptor>
      <encryption algorithm="AES_256_CBC" />
      <validation algorithm="HMACSHA256" />
      <masterKey p4:requiresEncryption="true" xmlns:p4="http://schemas.asp.net/2015/03/dataProtection">
        <!-- Warning: the key below is in an unencrypted form. -->
        <value>Cfr1LH+g7VwYkz1rH/Kx8Ni3DWWNEDC5OxMvi49cpYW0ptO49s8uU2lRR3nqXiCd4wNKdxOqmeeKGqhwxvjUUw==</value>
      </masterKey>
    </descriptor>
  </descriptor>
</key>