{"source":2,"revision":3,"description":null,"createdBy":{"displayName":"Joel Hulen","url":"https://app.vssps.visualstudio.com/A7214b4e4-7ace-40b0-b139-973d0a8a2bab/_apis/Identities/806ea4d5-c8fa-4f9c-b43a-4872cf5d8eaa","_links":{"avatar":{"href":"https://solliance.visualstudio.com/_apis/GraphProfile/MemberAvatars/aad.MTZlNTlhNzItM2Q2NS03Yjg3LTg1MjEtNTZlMGNiNjcxM2Fi"}},"id":"806ea4d5-c8fa-4f9c-b43a-4872cf5d8eaa","uniqueName":"joel@solliance.net","imageUrl":"https://solliance.visualstudio.com/_api/_common/identityImage?id=806ea4d5-c8fa-4f9c-b43a-4872cf5d8eaa","descriptor":"aad.MTZlNTlhNzItM2Q2NS03Yjg3LTg1MjEtNTZlMGNiNjcxM2Fi"},"createdOn":"2018-10-13T16:43:43.043Z","modifiedBy":{"displayName":"Joel Hulen","url":"https://app.vssps.visualstudio.com/A7214b4e4-7ace-40b0-b139-973d0a8a2bab/_apis/Identities/806ea4d5-c8fa-4f9c-b43a-4872cf5d8eaa","_links":{"avatar":{"href":"https://solliance.visualstudio.com/_apis/GraphProfile/MemberAvatars/aad.MTZlNTlhNzItM2Q2NS03Yjg3LTg1MjEtNTZlMGNiNjcxM2Fi"}},"id":"806ea4d5-c8fa-4f9c-b43a-4872cf5d8eaa","uniqueName":"joel@solliance.net","imageUrl":"https://solliance.visualstudio.com/_api/_common/identityImage?id=806ea4d5-c8fa-4f9c-b43a-4872cf5d8eaa","descriptor":"aad.MTZlNTlhNzItM2Q2NS03Yjg3LTg1MjEtNTZlMGNiNjcxM2Fi"},"modifiedOn":"2018-10-13T18:35:24.023Z","isDeleted":false,"variables":{},"variableGroups":[],"environments":[{"id":6,"name":"Trip Archiver Function App","rank":1,"owner":{"displayName":"Joel Hulen","url":"https://app.vssps.visualstudio.com/A7214b4e4-7ace-40b0-b139-973d0a8a2bab/_apis/Identities/806ea4d5-c8fa-4f9c-b43a-4872cf5d8eaa","_links":{"avatar":{"href":"https://solliance.visualstudio.com/_apis/GraphProfile/MemberAvatars/aad.MTZlNTlhNzItM2Q2NS03Yjg3LTg1MjEtNTZlMGNiNjcxM2Fi"}},"id":"806ea4d5-c8fa-4f9c-b43a-4872cf5d8eaa","uniqueName":"joel@solliance.net","imageUrl":"https://solliance.visualstudio.com/_api/_common/identityImage?id=806ea4d5-c8fa-4f9c-b43a-4872cf5d8eaa","descriptor":"aad.MTZlNTlhNzItM2Q2NS03Yjg3LTg1MjEtNTZlMGNiNjcxM2Fi"},"variables":{},"variableGroups":[],"preDeployApprovals":{"approvals":[{"rank":1,"isAutomated":true,"isNotificationOn":false,"id":16}],"approvalOptions":{"requiredApproverCount":null,"releaseCreatorCanBeApprover":false,"autoTriggeredAndPreviousEnvironmentApprovedCanBeSkipped":false,"enforceIdentityRevalidation":false,"timeoutInMinutes":0,"executionOrder":1}},"deployStep":{"id":17},"postDeployApprovals":{"approvals":[{"rank":1,"isAutomated":true,"isNotificationOn":false,"id":18}],"approvalOptions":{"requiredApproverCount":null,"releaseCreatorCanBeApprover":false,"autoTriggeredAndPreviousEnvironmentApprovedCanBeSkipped":false,"enforceIdentityRevalidation":false,"timeoutInMinutes":0,"executionOrder":2}},"deployPhases":[{"deploymentInput":{"parallelExecution":{"parallelExecutionType":"none"},"skipArtifactsDownload":false,"artifactsDownloadInput":{"downloadInputs":[{"artifactItems":["drop/**"],"alias":"Rideshare-NodeFunctionApps-CI","artifactType":"Build","artifactDownloadMode":"Selective"}]},"queueId":25,"demands":[],"enableAccessToken":false,"timeoutInMinutes":0,"jobCancelTimeoutInMinutes":1,"condition":"succeeded()","overrideInputs":{}},"rank":1,"phaseType":1,"name":"Run on agent","workflowTasks":[{"environment":{},"taskId":"497d490f-eea7-4f2b-ab94-48d9c1acdcb1","version":"4.*","name":"Azure App Service Deploy: RideshareTripArchiverFunctionApp","refName":"","enabled":true,"alwaysRun":false,"continueOnError":false,"timeoutInMinutes":0,"definitionType":"task","overrideInputs":{},"condition":"succeeded()","inputs":{"ConnectionType":"AzureRM","ConnectedServiceName":"cfcf1a08-a7e0-48cb-b8ad-0cff52c96ca7","PublishProfilePath":"$(System.DefaultWorkingDirectory)/**/*.pubxml","PublishProfilePassword":"","WebAppKind":"functionApp","WebAppName":"RideshareTripArchiverFunctionApp","DeployToSlotOrASEFlag":"false","ResourceGroupName":"","SlotName":"production","DockerNamespace":"","DockerRepository":"","DockerImageTag":"","VirtualApplication":"","Package":"$(System.DefaultWorkingDirectory)/Rideshare-NodeFunctionApps-CI/drop/NodeFunctionApp.zip","RuntimeStack":"","StartupCommand":"","ScriptType":"","InlineScript":":: You can provide your deployment commands here. One command per line.","ScriptPath":"","WebConfigParameters":"","AppSettings":"","ConfigurationSettings":"","UseWebDeploy":"false","DeploymentType":"webDeploy","TakeAppOfflineFlag":"false","SetParametersFile":"","RemoveAdditionalFilesFlag":"false","ExcludeFilesFromAppDataFlag":"false","AdditionalArguments":"","RenameFilesFlag":"false","XmlTransformation":"false","XmlVariableSubstitution":"false","JSONFiles":""}}]}],"environmentOptions":{"emailNotificationType":"OnlyOnFailure","emailRecipients":"release.environment.owner;release.creator","skipArtifactsDownload":false,"timeoutInMinutes":0,"enableAccessToken":false,"publishDeploymentStatus":true,"badgeEnabled":false,"autoLinkWorkItems":false,"pullRequestDeploymentEnabled":false},"demands":[],"conditions":[{"name":"ReleaseStarted","conditionType":1,"value":""}],"executionPolicy":{"concurrencyCount":1,"queueDepthCount":0},"schedules":[],"currentRelease":{"id":23,"url":"https://solliance.vsrm.visualstudio.com/e085c464-eace-403e-8214-5677bdfd31aa/_apis/Release/releases/23","_links":{}},"retentionPolicy":{"daysToKeep":30,"releasesToKeep":3,"retainBuild":true},"processParameters":{"dataSourceBindings":[{"dataSourceName":"AzureRMWebAppNamesByAppType","parameters":{"WebAppKind":"$(WebAppKind)"},"endpointId":"$(ConnectedServiceName)","target":"WebAppName"},{"dataSourceName":"AzureRMWebAppRuntimeStacksByOsType","parameters":{"osTypeSelected":"Linux"},"endpointId":"$(ConnectedServiceName)","target":"RuntimeStack","resultTemplate":"{\"Value\":\"{{{ runtimeVersion }}}\",\"DisplayValue\":\"{{{ displayVersion }}}\"}"}]},"properties":{},"preDeploymentGates":{"id":0,"gatesOptions":null,"gates":[]},"postDeploymentGates":{"id":0,"gatesOptions":null,"gates":[]},"environmentTriggers":[],"badgeUrl":"https://solliance.vsrm.visualstudio.com/_apis/public/Release/badge/e085c464-eace-403e-8214-5677bdfd31aa/3/6"}],"artifacts":[{"sourceId":"e085c464-eace-403e-8214-5677bdfd31aa:4","type":"Build","alias":"Rideshare-NodeFunctionApps-CI","definitionReference":{"artifactSourceDefinitionUrl":{"id":"https://solliance.visualstudio.com/_permalink/_build/index?collectionId=8854f3d2-59c5-4b14-b687-1071a9da8180&projectId=e085c464-eace-403e-8214-5677bdfd31aa&definitionId=4","name":""},"defaultVersionBranch":{"id":"","name":""},"defaultVersionSpecific":{"id":"","name":""},"defaultVersionTags":{"id":"","name":""},"defaultVersionType":{"id":"latestType","name":"Latest"},"definition":{"id":"4","name":"Rideshare-NodeFunctionApps-CI"},"project":{"id":"e085c464-eace-403e-8214-5677bdfd31aa","name":"Rideshare"}},"isPrimary":true,"isRetained":false}],"triggers":[{"artifactAlias":"Rideshare-NodeFunctionApps-CI","triggerConditions":[],"triggerType":1}],"releaseNameFormat":"Release-$(rev:r)","tags":[],"properties":{"DefinitionCreationSource":{"$type":"System.String","$value":"BuildSummary"}},"id":3,"name":"Node function apps release pipeline","path":"\\","projectReference":null,"url":"https://solliance.vsrm.visualstudio.com/e085c464-eace-403e-8214-5677bdfd31aa/_apis/Release/definitions/3","_links":{"self":{"href":"https://solliance.vsrm.visualstudio.com/e085c464-eace-403e-8214-5677bdfd31aa/_apis/Release/definitions/3"},"web":{"href":"https://solliance.visualstudio.com/e085c464-eace-403e-8214-5677bdfd31aa/_release?definitionId=3"}}}